Country Name,1988,1989,1990,1991,1992,1993,1994,1995,1996,1997,1998,1999,2000,2001,2002,2003,2004,2005,2006,2007,2008,2009,2010,2011,2012,2013,2014,2015,2016,2017,2018,2019,2020,2021,2022
Afghanistan,,,,,,,,,,,,,,,183.5327752,200.4623759,221.6576621,255.0551071,274.0006557,375.0782615,387.8492881,443.8451505,554.5947346,621.9124138,663.1410528,651.9878619,628.1468039,592.4761648,520.2519549,530.1498626,502.0570992,500.5229808,516.8667974,363.6740871,
Albania,652.7743214,697.9955966,617.2304355,336.5869945,200.8522198,367.2792251,586.4161331,750.6044492,1009.977114,717.3800477,813.7893966,1033.242532,1126.68334,1281.659826,1425.124219,1846.120121,2373.581292,2673.787803,2972.743618,3595.038302,4370.539711,4114.134041,4094.349699,4437.141146,4247.631356,4413.063397,4578.633208,3952.803584,4124.05539,4531.032207,5287.660817,5396.214227,5343.037704,6377.203096,6802.804519
Algeria,2437.37806,2235.268024,2431.551269,1749.286087,1794.623507,1825.875123,1522.82521,1466.544691,1619.532403,1634.46741,1610.302968,1602.864915,1780.376071,1754.582365,1794.811114,2117.048229,2624.795232,3131.328176,3500.13461,3971.803488,4946.564017,3898.478806,4495.921455,5473.281801,5610.733306,5519.777576,5516.229463,4197.419971,3967.20066,4134.936099,4171.795309,4021.983608,3354.157303,3700.311195,4273.922183
Andorra,14529.06053,15404.8193,19208.67281,19967.72783,21123.06705,17024.32408,16670.94837,18731.65069,19081.53796,18253.08538,18592.24302,18884.17135,21620.46849,22809.08776,24784.96379,31954.15566,37630.76426,39583.93119,43084.29291,50562.86121,53721.41133,49750.69367,48237.89117,51428.19695,44902.38077,44747.75386,45680.53499,38885.53032,39931.21698,40632.23155,42904.82846,41328.6005,37207.222,42072.3411,41992.79336
Angola,792.9140885,891.8032047,949.3498406,1038.914019,1196.464962,847.6537993,251.8564992,399.7355584,523.3109091,514.3098866,423.3934528,387.6894148,556.8842437,527.4641185,872.657638,982.8055896,1254.696126,1900.723817,2597.963585,3121.348735,4081.717497,3123.698898,3496.784796,4511.153227,4962.552072,5101.983876,5059.080441,3100.830685,1709.515534,2283.214233,2487.500996,2142.238757,1502.950754,1903.717405,2998.501158
Antigua and Barbuda,6230.466815,6895.386079,7255.406303,7569.969001,7721.763119,8129.144121,8788.013323,8440.034526,9079.481212,9556.832802,10029.47775,10379.1604,11010.19746,10502.93881,10549.66619,10968.89268,11650.84848,12808.01015,14310.68623,16006.13611,16457.10406,14530.59869,13404.51602,13117.14694,13686.47659,13350.14914,14004.81121,14861.88271,15862.65166,16110.3124,17514.35586,18187.77971,15284.77238,16740.3482,18745.17351
Argentina,4004.009589,2382.338066,4330.967451,5730.72381,6815.331623,6957.417499,7464.474737,7383.70451,7690.157003,8176.771195,8250.673174,7735.32208,7666.517834,7168.975872,2579.488769,3333.152904,4258.160261,5086.627761,5890.978002,7210.595548,8977.506851,8184.389889,10385.96443,12848.74048,13082.66433,13080.25473,12334.79825,13789.06042,12790.26406,14613.03571,11795.16289,9963.674231,8496.428157,10636.11553,13686.00867
Armenia,,,634.5604133,572.1617627,356.0822126,347.4664633,389.8252865,441.8940018,484.091641,501.1565152,584.3842673,575.6284792,603.2980252,676.1500113,765.3161777,910.1712617,1166.638204,1608.163409,2109.526385,3064.279961,3908.949057,2917.366245,3143.029482,3462.681774,3643.715404,3833.157071,4017.229913,3666.141825,3679.952349,4041.995072,4391.923274,4828.504889,4505.867746,4966.513471,7014.206592
Aruba,9274.514156,10767.39622,11638.73371,12850.21571,13657.67064,14970.15234,16675.27849,17140.43337,17375.22531,18713.42539,19742.31674,19833.82675,21023.15751,20913.2995,21377.09519,22050.83093,24104.64618,24975.67326,25833.44562,27665.42647,29011.55925,25739.13725,24452.92836,26044.43593,25609.95572,26515.67808,26942.30798,28421.38649,28451.27374,29326.70806,30918.51522,31902.76258,24487.86357,29342.10073,
Australia,14284.4292,17834.44785,18249.53394,18860.2732,18624.59089,17700.11556,18129.79072,20446.71985,22020.0798,23645.05749,21478.38516,20698.7127,21853.44999,19681.64503,20290.78042,23705.90722,30819.99349,34460.543,36570.76307,41023.75486,49681.21907,42810.46584,52132.46961,62598.68662,68047.37818,68156.3861,62515.31483,56708.9612,49876.71238,53934.15437,57206.99067,54941.06572,51722.069,60444.50236,64491.42989
Austria,17578.61894,17468.94614,21680.98962,22410.91177,24880.16412,24081.52779,25646.70066,30325.84958,29809.07677,26705.4786,27361.87511,27183.47593,24625.60072,24558.76368,26527.59309,32294.04886,36889.23351,38417.45779,40669.32696,46915.3374,51919.98358,48153.32402,46903.76159,51442.27625,48564.91734,50731.12725,51786.37717,44195.81759,45307.58786,47429.15846,51466.55656,50070.40335,48809.22688,53637.70571,52131.44666
Azerbaijan,,,1234.53089,734.9442328,60.23512054,209.5309545,157.0635499,314.5581973,409.1856231,505.5162042,561.9070354,573.8932966,655.0974326,703.6712504,763.1087646,883.6925807,1045.014165,1578.36733,2472.957257,3851.331012,5574.470962,4950.397437,5843.533768,7189.815151,7495.861942,7875.344611,7890.83525,5500.50462,3880.686267,4147.198619,4739.795242,4805.753718,4229.910649,5408.045352,7736.701232
"Bahamas, The",10819.26804,11533.26076,11696.51137,11269.95052,11025.87836,10730.00097,11085.14713,11447.0179,11835.38679,20415.70617,21665.38786,23991.7008,24849.60648,25234.14415,26590.14018,26204.8805,26393.41395,28280.87084,28829.84938,29687.86522,29013.63029,27120.69055,27046.65767,26644.92658,28059.6554,27389.60197,28720.66219,29724.95334,29675.53589,30708.98702,31483.97884,32279.01136,23998.26802,28260.43255,31458.30081
Bahrain,7660.066614,7721.737887,8174.797232,8621.767048,8568.658051,9063.565646,9384.772755,9543.390109,9643.309528,9728.447229,9195.426527,9566.096024,12738.77412,12291.83261,12819.99594,14230.29675,15777.96364,17705.23516,19057.7989,20883.54803,23155.82145,19448.18326,21186.81433,23741.55746,25102.72635,25790.73031,25464.7601,22795.44886,22867.18112,24349.90987,25415.84662,25869.11291,23433.18724,26860.0725,30152.03468
Bangladesh,258.8305367,274.3894238,294.9046567,283.3822853,284.9669776,292.4253474,292.0788195,322.0873898,387.3848632,395.3180524,401.9651801,404.4861431,413.1001853,410.0485409,407.9629676,440.7144048,469.1164584,492.8086489,503.5383322,552.3389345,630.1089792,698.5209416,776.8595769,856.3818868,876.8180068,973.7739002,1108.514957,1236.004398,1659.962489,1815.610191,1963.412707,2122.078386,2233.305893,2457.924049,2688.30395
Barbados,7005.502809,7753.02566,7772.808757,7789.391377,7520.79074,7905.676802,8220.27611,8451.958599,8994.324063,9491.475434,10685.26061,11173.94937,11560.2459,11510.04043,11658.62904,11998.17569,12828.43895,14173.75138,15595.63946,17219.04868,17550.66334,16310.46053,16489.79582,16907.20926,16691.33264,16893.60627,16924.19034,16990.21947,17343.72544,17843.19793,18224.89059,19002.96238,16643.80658,17225.4623,20018.51515
Belarus,,,2124.767944,1765.735895,1667.605057,1590.088117,1460.0655,1370.699283,1452.507105,1396.442019,1511.325316,1210.61172,1276.288034,1244.373185,1479.383417,1819.525792,2378.339757,3126.071767,3848.216026,4735.484753,6376.183153,5352.489591,6034.678852,6527.654969,6953.217307,7998.077953,8341.288104,5967.069185,5039.776032,5785.534975,6360.05206,6837.767232,6542.86454,7489.718947,7904.856243
Belgium,16391.09383,16525.06174,20600.37528,21041.66065,23372.61917,22283.93602,24208.55479,28413.82644,27489.55518,24820.93805,25338.44329,25252.80191,23098.88651,23015.07126,25006.1914,30655.20927,35429.40779,36809.70134,38705.1068,44319.16545,48303.39796,44760.29124,44184.94635,47410.56693,44670.56068,46757.95186,47764.07151,41008.29672,42012.62272,44198.48239,47544.98115,46641.71166,45517.90382,51268.38804,49582.82536
Belize,1831.019639,2065.720309,3009.491262,3212.450794,3644.265078,3867.605329,3888.295299,4021.006504,4057.853603,3997.84448,4063.901968,4189.350028,4642.147035,4687.625957,4816.650846,4916.703914,5106.053034,5212.661614,5475.72291,5707.113365,5656.408361,5348.997839,5397.291575,5521.366276,5645.895822,5887.933435,6068.088609,6142.478833,6148.706961,6100.994681,6059.162553,6210.565543,5266.87616,6228.267309,6968.361585
Benin,335.3419233,301.6849303,381.8050563,375.2919959,310.6237201,398.6130266,269.7905871,358.8229871,380.5882867,355.1420716,372.8773468,541.702259,502.997981,508.3474475,564.3790581,698.4087771,784.1190746,805.9046858,837.1320026,944.6431712,1098.946678,1061.718359,1009.489494,1099.414311,1112.569535,1214.295566,1251.504765,1041.652523,1049.820303,1095.274459,1194.438214,1170.965533,1237.949295,1361.100749,1303.222014
Bermuda,24253.17552,25517.92172,26841.51974,27700.31006,28669.68171,30900.69428,31476.06372,33989.72316,44826.78907,48478.88325,51371.74081,54245.45974,56284.16865,58883.95943,62583.1002,66111.72523,70359.31911,75882.03386,95221.85887,104287.3875,106935.4863,101407.764,101875.2841,97774.16207,98431.86518,99471.6389,98467.68399,102005.6256,106885.8785,111820.5815,113050.7369,116153.1661,107791.8864,111774.6691,118845.6211
Bhutan,514.6915137,486.5752425,515.2997216,423.2694201,440.0332783,433.8656076,496.7860644,550.6562335,564.486939,644.0878065,652.3610292,699.3313305,722.8267562,765.0092339,841.3663104,951.7391671,1050.133115,1201.433648,1299.631249,1714.031072,1780.112218,1768.745957,2194.12587,2491.273456,2470.072136,2409.439989,2589.899141,2695.636904,2879.546572,3240.706326,3210.707814,3303.962309,3009.925516,3266.362774,
Bolivia,675.7148311,678.6413185,685.9427177,737.5213733,763.2606742,760.1176224,777.416092,856.3651129,925.8491189,973.9625705,1025.409433,981.7529219,977.3294704,930.8757313,888.198576,892.3553805,951.9516229,1018.313662,1200.068092,1351.035154,1687.578567,1725.146286,1922.058662,2304.982295,2562.466784,2853.797162,3022.462884,2975.648811,3013.502707,3280.008214,3471.006951,3472.380831,3068.812555,3345.196588,3523.273733
Bosnia and Herzegovina,,,,,,,333.7831793,497.6828466,712.9536456,907.1488704,1000.417072,1128.398647,1332.210523,1382.767724,1602.56371,2031.402244,2451.577258,2741.080141,3170.174873,3936.932459,4846.792101,4542.310904,4506.933669,4980.906155,4688.345902,5025.240652,5196.969426,4654.609552,4917.263698,5327.393184,6024.491546,6094.723214,6095.102479,7230.198163,7585.375002
Botswana,2096.736376,2369.125814,2825.725034,2855.948898,2918.617005,2844.99575,2832.812881,3064.586353,3063.994873,3100.165355,2893.328745,3242.13716,3351.696517,3115.679,3029.788522,4111.738085,4818.213103,5240.316159,5142.913834,5372.340732,5345.848491,4938.250136,6041.732051,7080.778297,6392.987347,6436.603063,6844.032996,5869.737772,6411.551666,6705.341062,6947.817841,6691.161051,5875.070606,7238.796096,7737.654681
Brazil,2119.611081,2790.414204,3085.396216,2659.048558,2505.225033,2766.328477,3393.142926,4704.961546,5121.905407,5240.128796,5049.76612,3456.423595,3726.81142,3142.235528,2824.715396,3056.64968,3623.223905,4773.26848,5866.024313,7323.19034,8801.759475,8569.901805,11249.29374,13200.55817,12327.51556,12258.56485,12071.40465,8783.214413,8680.735421,9896.717511,9121.020092,8845.323931,6923.700197,7696.785531,8917.673898
Brunei,10949.80293,11762.35127,13440.66682,13717.38749,15080.7228,14420.59001,14000.44453,15827.98736,16706.47133,16593.4344,12653.81192,14065.70228,17971.88881,16437.42662,16817.23573,18521.36258,21839.25931,25991.2062,30767.74738,32337.28152,37427.54886,27497.5417,34609.69996,46139.10684,46844.19672,43950.05706,41035.77314,30681.43744,26762.03743,28186.98339,31241.02397,30748.32019,27179.34442,31448.91361,37152.46624
Bulgaria,2511.393063,2477.020818,2366.529821,1267.734375,1211.980878,1278.54442,1148.494399,2259.264831,1470.195347,1361.409249,1820.44832,1659.718611,1621.262107,1770.906779,2092.982886,2719.494892,3389.687613,3899.825138,4523.147525,5888.776852,7271.305201,6988.274819,6862.757687,7856.985958,7431.014045,7686.629222,7912.52054,7081.102336,7574.191264,8386.589202,9451.85087,9878.768872,10153.4766,12222.23565,13772.47679
Burkina Faso,301.9534889,294.0437239,339.6318226,334.7596542,349.708108,325.153666,187.815138,229.8326601,243.5269234,224.6113437,250.4139446,293.8874445,249.8020757,260.443473,286.7537151,363.8183519,405.4512762,442.9444309,457.3420749,516.750328,621.8902712,603.8775451,627.2703954,727.6124749,733.9728789,762.3037803,767.3713442,632.1266858,665.7863285,711.1845439,779.2027681,772.1668775,833.2443361,893.077196,832.8842657
Burundi,205.3179193,207.2919501,206.4449283,208.6567234,188.5811668,168.9640756,165.5859347,168.6271677,146.5361825,164.2334457,148.0895425,130.7530239,138.0046172,135.6064758,124.1393016,114.3670072,128.5384225,151.1885411,166.2762452,170.7068764,194.7106346,204.5447557,222.6605831,236.4513474,238.2059453,241.5476657,257.8185575,289.3596271,242.5395274,244.1454221,232.0606166,216.9729709,216.8274174,221.1578034,238.4418757
Cambodia,,,,,,247.3485844,262.4428949,315.142348,313.5846723,301.2196654,267.4097962,295.5912853,301.5165985,322.8998639,341.0367658,364.2753017,410.0861329,475.0693943,539.7473654,629.9210767,742.3979724,734.8151186,782.6957387,880.3103044,950.4825446,1015.220881,1098.074538,1170.742816,1281.105971,1400.899265,1533.315985,1671.3854,1577.91174,1625.235022,1786.560819
Cameroon,1137.225183,993.087358,1077.333545,1005.304364,995.3144934,1295.916462,692.8587339,822.3632128,817.1840938,773.9271462,789.2742925,786.8458877,700.1632362,706.9842173,780.2705538,976.5193032,1119.980861,1129.35798,1177.968605,1311.002963,1476.009078,1445.860248,1383.813864,1497.926586,1433.723927,1559.13905,1631.713986,1399.675336,1426.065481,1479.862223,1594.060109,1538.687912,1539.130547,1666.932809,1588.478723
Canada,19012.55925,20795.17253,21526.3477,21846.30025,20949.93327,20186.9885,19997.62374,20678.95044,21296.63442,21901.59404,21024.50993,22315.17429,24271.00206,23821.44559,24255.33858,28300.4631,32143.68141,36382.50792,40504.06073,44659.89514,46710.50558,40876.31015,47562.08343,52223.69611,52669.08996,52635.17496,50955.99832,43596.13554,42315.60371,45129.4293,46547.79518,46374.15275,43349.67786,52358.62164,54966.48884
Cape Verde,748.2543825,746.7501613,841.8050136,858.0870372,935.1061412,1251.866347,1012.263391,1184.176735,1192.329989,1139.217697,1185.58374,1317.573685,1176.707258,1208.457605,1311.214577,1693.978552,1900.888467,1972.784937,2220.098177,3268.305689,3839.863644,3592.315891,3500.977452,3880.069182,3583.461717,3757.659953,3739.278279,3169.078915,3312.696757,3534.343583,3860.454811,3928.309096,3223.735602,3557.837775,3902.589049
Cayman Islands,,,,,,,,,,,,,,,,,,,87184.51299,89960.68303,89704.22255,81398.3236,76873.19532,75435.61523,75466.13587,75685.35837,76610.64797,77295.84566,78858.27966,81255.11227,85231.77515,89846.3211,83897.50521,88475.60088,
Central African Republic,476.0208594,452.9665586,512.8508791,475.2761467,471.9406398,413.959476,267.0062768,340.39968,299.6194896,271.1433004,272.1015403,273.4279279,243.8775801,242.5757267,253.4106706,283.675348,309.1902426,317.8776781,340.4145172,388.4777713,446.2287699,452.9222361,459.7769816,515.2095038,525.8675036,352.226855,394.8569331,351.8797548,372.1354561,414.7403226,435.9322963,426.408753,435.4692482,461.1375109,427.0580963
Chad,270.3970498,252.827127,298.3670792,310.6595533,298.5673117,226.9211575,178.9531809,209.8925997,223.2333881,207.3165613,226.3287722,192.269472,168.1176582,200.361008,225.9473111,298.2498816,460.0670181,664.5976565,716.6677686,806.710318,936.4941362,808.1615229,896.8767042,988.1941606,969.6161419,980.0835447,1017.787762,774.4116031,691.9800774,662.8974734,720.2651009,701.6212008,643.7722162,685.690315,716.8043812
Chile,2015.735295,2276.341379,2481.739743,2789.809659,3335.064959,3521.711814,4011.694136,5094.505484,5376.149433,5788.859948,5467.570877,4981.191106,5097.114937,4606.890564,4479.175044,4824.220541,6185.514792,7561.830548,9418.062718,10461.36609,10783.17082,10182.86056,12767.78204,14628.57246,15406.49284,15833.27592,14666.34312,13569.94813,13785.6876,15045.52785,15795.70814,14627.14502,13165.38634,16247.40102,15355.5065
China,283.5376952,310.8819124,317.884673,333.1421454,366.4606923,377.3898395,473.4899347,609.6043623,709.4158882,781.7425926,828.5946577,873.297611,959.3604121,1053.112272,1148.514188,1288.637543,1508.667946,1753.414263,2099.219342,2693.958555,3468.327063,3832.227428,4550.473924,5614.385739,6300.582352,7020.385682,7636.074223,8016.446016,8094.390375,8817.045496,9905.406118,10143.86021,10408.71912,12617.50499,12720.21564
Colombia,1254.531546,1238.603367,1467.547436,1491.856728,1720.568557,1920.398967,2314.90099,2571.46819,2652.103881,2860.040941,2595.543012,2236.072925,2546.850213,2465.007011,2421.162103,2305.170507,2811.45945,3448.538274,3782.603504,4762.082973,5534.689447,5245.951665,6392.758026,7392.9436,8096.80151,8263.641929,8167.472842,6228.651622,5936.261022,6449.970987,6782.03792,6436.509215,5304.289129,6182.707099,6630.282726
Comoros,873.6247037,813.8460191,996.5280538,958.9211492,1009.710263,977.4743806,674.1373079,823.6766098,801.261221,721.6272999,717.3181318,726.4888885,654.180431,691.0419781,761.9478884,959.2289884,1090.427168,1103.195417,1155.085676,1289.79485,1454.650909,1409.106673,1384.063284,1526.832638,1483.951559,1595.989819,1608.687875,1322.936775,1357.266229,1414.586689,1531.337811,1510.797323,1519.58678,1577.470841,1484.892465
"Congo, Dem. Rep.",262.5566318,259.056194,259.8055972,258.7843937,214.6321373,270.490946,140.2096828,130.3762562,130.8164965,135.8889305,135.4774002,99.75725083,392.6263338,148.4471235,168.9448053,167.9815754,187.856781,211.5726295,247.5419356,277.6120796,317.8892099,290.1556749,324.827726,376.3749811,412.7762607,444.8643574,472.266236,482.0645685,456.0279505,451.0890886,546.2125933,575.8827813,524.6666863,577.2092152,586.4642889
"Congo, Rep.",981.8936516,1030.362504,1173.264436,1110.972105,1163.534936,1034.753192,662.8773345,771.6139458,902.0457459,807.8918989,663.7287033,780.5897051,1029.960689,859.4400122,910.8697114,1023.088496,1314.41128,1810.588944,2116.868944,2219.912305,2848.65316,2283.949871,2962.76248,3415.062376,3753.860925,3719.651037,3622.530074,2347.818507,1970.250199,2088.500299,2512.384167,2288.808086,1838.448124,2290.382994,2447.988989
Costa Rica,1537.461223,1705.431654,1808.495959,2221.474653,2578.025031,2814.044548,3005.540323,3240.711145,3194.112988,3373.410585,3580.933885,3653.754208,3773.033793,3941.598643,4021.425361,4123.506487,4376.080428,4643.45857,5188.361792,6055.086779,6841.91146,6737.860754,8147.243985,9137.455102,9971.651656,10633.26656,10737.67888,11529.95517,11899.81398,12118.13362,12383.14995,12669.34116,12179.25667,12537.25675,13198.82172
Cote d'Ivoire,928.6417264,851.2133952,906.4115132,848.2820276,868.7255417,829.4824768,602.3319701,769.2556836,1220.121444,1176.851967,1237.131417,1154.479067,986.7773529,974.779985,1020.950491,1173.063882,1267.764823,1267.087311,1303.564967,1451.232531,1683.337505,1638.804684,1654.177959,1701.704641,1649.301615,1903.054229,2124.01943,1941.581898,1999.195372,2113.341525,2295.540335,2290.787379,2349.069882,2613.378893,2486.412194
Croatia,,,,,,,,4930.337203,5298.886377,5330.327366,5711.485932,5267.512207,4952.377753,5364.010241,6219.473213,8192.322633,9723.381024,10446.36044,11489.39127,13728.52101,15857.71225,14387.65664,13664.20884,14623.99053,13410.82081,13949.12177,13970.98323,12071.09096,12550.70886,13562.14405,15003.14068,15086.21174,14236.53525,17747.78929,18413.23468
Cuba,2633.847388,2567.017064,2695.614865,2269.645578,2048.068839,2063.222123,2613.005039,2784.902605,2281.97555,2306.38394,2332.508217,2562.274105,2752.203783,2844.244437,3007.193074,3205.688398,3403.296163,3791.873006,4336.87333,4814.854876,4992.824494,5094.437562,5275.532601,6106.006792,6467.337914,6814.243844,7117.52691,7683.757891,8055.889907,8543.360968,8831.907222,9139.415856,9499.590202,,
Cyprus,7645.629883,8038.914063,9641.575195,9696.099609,11310.07227,10526.1416,11617.69238,15261.41016,15139.22656,14234.24414,15092.82617,15287.91895,14388.34766,14821.44727,16093.21484,20252.23828,23792.62109,24959.25977,26729.32422,31244.92578,35397.36328,32109.24219,31105.02734,32485.80273,28991.92969,27797.45313,27244.34375,23487.21875,24715.14258,26697.00586,29419.88672,29417.92188,28035.98438,31552.03516,31283.50586
Czech Republic,,,3941.503094,2896.609131,3372.86543,3956.200967,4630.537811,5823.974997,6532.905243,6034.523339,6489.71032,6337.409954,6028.582612,6637.106512,8060.888811,9818.568493,11749.87552,13430.66055,15261.80885,18466.57826,22804.6222,19861.69743,19960.06849,21871.26608,19870.80121,20133.16914,19890.91991,17829.69832,18575.23203,20636.19995,23424.48046,23664.84786,22992.87938,26822.51419,27638.37328
Denmark,22526.96306,21901.12965,26891.62751,27011.55341,29569.49706,27597.80852,29995.80756,35351.5758,35650.88828,32836.14295,33368.00962,33440.60306,30743.3797,30751.58969,33228.63392,40458.94117,46511.93475,48799.74423,52027.18907,58487.04601,64321.67448,58163.63853,58041.39844,61753.64713,58507.50805,61191.1937,62548.98473,53254.85637,54663.99837,57610.09818,61591.92887,59592.98069,60915.4244,68007.75667,66983.132
Djibouti,820.5767723,785.2944654,783.6958542,735.7303869,767.1062359,762.4751841,788.6244733,790.5161067,766.315697,752.7494467,740.0389531,745.2067822,742.8656972,747.7791229,749.0816325,771.3742316,813.8979436,852.8901883,907.8179438,980.0310324,1131.635726,1164.251683,1227.820853,1322.726251,1418.460858,2102.197948,2239.114538,2409.311902,2545.738799,2655.73322,2755.838293,2876.043664,2917.996281,3050.306282,3136.11296
Dominica,2430.589145,2645.762672,2899.060601,3178.475332,3386.665981,3549.652676,3820.545017,3967.026809,4225.850637,4385.994541,4676.827165,4829.241889,4879.149773,4991.764173,4881.138793,5016.088237,5354.799195,5304.126097,5677.051175,6126.849496,6661.465047,7109.978253,7182.400203,7288.497948,7054.875977,7240.679119,7498.917522,7724.042411,8223.04145,7408.091301,7833.195013,8561.587011,7003.469891,7668.158132,8414.536593
Dominican Republic,786.3824251,957.9600927,992.2389642,1349.813238,1562.522047,1726.625479,1896.020117,2114.0906,2276.698374,2456.105927,2616.74548,2631.74358,2845.84661,2953.247928,3085.517866,2399.498123,2468.436815,3903.815184,4080.045714,4676.079111,5053.330291,5002.153233,5509.568054,5859.381545,6049.471611,6171.295064,6533.670968,6838.936735,7191.069713,7513.497951,7947.159354,8173.344646,7167.914932,8476.749688,10120.55116
East Timor,,,,,,,,,,,,,417.9241996,534.6505771,516.1461855,529.2197975,465.9299421,476.9188074,456.2854678,532.4854173,621.7118407,682.172795,810.1416095,936.5983633,1019.964911,1201.423609,1221.534229,1322.300887,1347.926361,1283.525882,1239.366087,1584.263822,1660.308309,2741.393945,2358.409054
Ecuador,1309.143841,1360.487465,1458.326872,1589.752174,1657.85872,1701.159459,2001.178159,2113.263652,2142.328641,2349.218685,2293.655828,1582.758607,1451.530885,1904.81367,2184.209244,2438.343684,2703.565671,3014.310009,3340.840903,3579.032244,4260.433184,4240.702593,4640.246344,5202.656459,5678.455721,6050.354611,6374.631486,6130.586676,6079.088736,6246.404252,6321.349401,6233.258167,5645.19929,5965.132871,6391.282484
"Egypt, Arab Rep.",644.2196325,712.914876,751.1874902,637.8975973,697.7260405,758.8296192,826.7189671,937.5431501,1031.488078,1170.804798,1239.353562,1297.57469,1398.859831,1327.096518,1144.532398,1056.937209,1016.253884,1133.105461,1332.33941,1586.472921,1941.899973,2212.218148,2509.772034,2645.622535,3059.135428,3088.890834,3196.861381,3370.382447,3331.612461,2439.967284,2531.200079,3017.258336,3571.556907,3886.722498,4295.407496
El Salvador,810.3526973,829.5125146,897.5929821,961.778992,1047.043157,1186.340725,1348.907912,1552.130208,1653.630549,1749.501835,1858.371394,1904.874902,1977.840614,2051.158774,2106.739469,2197.482001,2273.955503,2434.323531,2651.430888,2814.589889,2964.17214,2889.685887,3017.307395,3304.974183,3471.051269,3555.1621,3638.517658,3761.51368,3870.312982,3986.049014,4145.862351,4280.288404,3961.726633,4664.311223,5127.321668
Eritrea,,,,,248.3413094,236.1301243,260.3125149,267.9446811,306.3222582,299.5731251,320.9652833,292.3510431,295.196924,305.6027588,286.2977154,327.9760207,401.3745252,387.8985404,420.5287398,450.4097137,459.1784027,602.0632238,504.9724602,643.7900423,,,,,,,,,,,
Estonia,,,,,,,,3134.389753,3380.926302,3682.952301,4093.392477,4140.936602,4070.609024,4505.858332,5341.628947,7203.523038,8914.103557,10412.64431,12639.40007,16744.58445,18204.96648,14711.73527,14663.04461,17487.80478,17403.20533,19056.00192,20261.06673,17402.03761,18295.34293,20437.76538,23165.84948,23424.48471,23595.24368,27943.70122,28332.62909
Eswatini,871.0938944,843.7795532,1305.245614,1299.449393,1388.681859,1423.449894,1488.139939,1781.708861,1646.223472,1732.770042,1568.816851,1519.966666,1686.657451,1481.163082,1362.970611,2075.561621,2599.15215,2964.972331,3053.932496,3200.512571,3022.456056,3270.1377,4035.534502,4360.959888,4396.57932,4111.128353,3928.522911,3583.31129,3339.990427,3824.046783,4021.445556,3818.540425,3372.904639,3982.905229,4039.518036
Ethiopia(excludes Eritrea),245.0810842,248.4326848,254.2952546,269.6147631,201.7435026,164.1650535,124.5581496,133.3411006,144.0316487,140.2702152,123.8302224,118.3331279,122.9616647,119.2618573,110.4608747,117.8601647,134.5424863,160.0767918,191.7512925,240.347972,320.8610897,373.8939587,335.4384953,348.0013483,458.5509208,490.7924741,557.5341484,630.3126271,705.6175123,755.7526451,758.2976902,840.4496034,918.6525941,925.0006972,1027.585918
Faeroe Islands,,,,,,,,,,,24623.74435,24947.12358,23370.77329,25089.59114,27238.02496,31691.87848,35940.96286,36440.3222,41762.68751,48365.73654,51431.97478,47410.95857,48167.66751,51786.48548,50157.0628,55560.13613,60126.12921,52726.6887,56833.91437,59328.23348,62576.80375,63382.75314,61979.79544,69010.1662,
Fiji,1452.188422,1530.547273,1713.180245,1763.286561,1947.504202,2073.118846,2308.706584,2486.981341,2672.43577,2597.929256,2031.025354,2351.722429,2015.857496,1964.130251,2157.076596,2680.270209,3124.607389,3406.475158,3483.597185,3793.097385,3928.921739,3184.689123,3469.150224,4160.721585,4359.792845,4586.956165,5305.0634,5105.190039,5368.433659,5825.198813,6073.395195,5968.319557,4864.106008,4646.537921,5316.658385
Finland,22047.79332,23973.23948,28364.64508,25484.73929,22319.05946,17608.81239,20301.33309,26271.59981,25783.45049,24691.87281,26009.26949,26186.19001,24345.91482,24967.79252,26997.75299,32927.68029,37772.17811,39054.85044,41222.602,48476.39273,53772.79424,47481.48454,46505.30318,51148.93164,47708.06128,49892.22336,50327.24029,42801.90812,43814.02651,46412.13648,49987.62616,48629.85823,49169.71934,53489.75202,50536.62447
Fm Sudan,568.7889404,841.9991455,1301.819092,1678.179688,263.0035706,326.7308655,459.4401855,483.7037659,307.8218384,388.8052368,366.1158752,339.2810059,378.1575012,471.3727722,529.4519043,607.0062256,737.1228027,945.6895752,1179.898193,1500.673096,1585.58252,1382.621338,1706.414917,1982.816528,1797.400757,1834.561157,2076.000977,2226.409424,2614.294434,3188.769287,769.8691406,748.0109253,608.3325195,749.7067871,1102.146484
France,17727.51083,17747.5816,21865.55525,21675.70609,23814.22737,22380.3319,23496.36768,26889.42506,26870.28524,24226.88469,24971.57449,24678.39106,22416.42542,22449.33969,24288.27002,29627.92426,33797.16244,34768.1759,36470.21284,41557.62356,45515.96175,41737.76355,40676.06479,43846.46608,40870.85236,42602.71797,43068.54872,36652.92231,37062.53357,38781.04949,41557.85486,40494.89829,39055.28293,43658.97898,40963.83734
French Polynesia,13500.03154,13223.94475,15728.7188,15828.14548,16909.97571,15844.37514,16145.86922,18090.58818,17713.72313,15741.80922,16070.29996,15847.93028,14346.18627,14012.24294,15302.35187,18724.49151,20829.06574,21047.19291,21382.23578,23837.81755,25437.66849,23326.08745,21447.85823,21747.98888,19864.53568,20941.51722,21223.0754,18252.51413,18726.6395,19743.95899,20614.89439,20093.20862,18984.61738,19999.07676,
Gabon,4121.065811,4376.761178,6055.060248,5349.452015,5390.536792,4109.898799,3832.093264,4419.79034,4948.752869,4514.994085,3705.818091,3758.161936,3991.157151,3844.561348,3976.646799,4724.254797,5483.144572,6570.96327,6873.453984,8036.919948,9732.226524,7325.909508,8399.597344,10273.79845,9348.514868,9250.081117,9255.368037,7090.454634,6722.198222,6975.695197,7694.906045,7523.862278,6680.08267,8635.797144,8820.347338
"Gambia, The",277.5415627,284.1964963,304.707681,637.0910548,633.6805179,646.2681834,619.0439488,632.7711757,663.1688692,610.1990496,619.5930395,583.4046826,544.6209571,464.6396263,379.8624179,310.9570647,596.6292799,618.9598062,615.9739283,725.0922752,857.8582399,772.1249279,796.6318388,705.4774939,686.5575601,647.3855375,561.6496393,611.6712178,640.6762701,632.0010179,683.3246379,722.875351,704.0304578,772.1514524,840.0101934
Georgia,,,1614.640122,1314.67067,757.2235485,550.0155426,519.8575812,578.3446099,689.0594414,807.0322858,851.5157467,673.5378938,749.908535,801.983966,853.5261719,1010.031516,1305.047486,1642.783594,1996.019759,2635.367029,3324.754464,2822.689233,3233.220357,4021.754204,4421.929819,4623.884714,4739.277808,4014.112241,4062.126978,4356.928595,4722.042423,4696.150586,4255.742993,5023.274384,6627.70698
Germany,17931.28232,17764.37645,22303.96133,23357.75773,26438.23039,25522.62957,27076.60675,31658.34938,30485.86655,26964.04947,27289.05936,26734.94254,23694.76048,23628.32721,25197.2656,30310.3576,34106.65812,34520.23965,36353.88033,41640.08087,45612.71062,41650.36783,41572.45595,46705.8958,43855.85447,46298.92292,48023.86998,41103.25644,42136.12079,44652.58917,47939.27829,46793.68676,46772.82535,51203.55447,48432.45587
Ghana,354.2772222,348.8977088,381.2508381,416.7729432,395.0411218,358.6299745,319.6066415,370.6884777,388.5328822,377.2399141,399.796373,402.4714448,253.3802114,263.1700834,297.0469387,357.8478478,405.4249676,477.6008364,904.1697251,1047.199209,1178.955877,1044.005237,1258.963903,1501.059171,1536.619916,2282.407501,1942.921869,1711.271471,1900.397836,1998.722666,2180.029684,2167.92544,2176.576218,2410.877309,2175.85977
Greece,7598.028005,7846.678122,9600.185235,10188.36978,11176.45842,10401.98301,11091.28385,12959.32429,13749.11511,13427.83251,13472.13761,13249.66332,12072.92936,12549.03689,14177.57216,18518.37884,21995.47794,22560.14729,24821.93675,28863.97329,32127.98319,29828.75602,26716.64883,25483.88256,21912.99829,21787.78776,21616.71001,18083.87791,17923.96681,18582.08934,19756.99046,19144.28439,17658.9473,20192.5963,20732.05222
Greenland,16397.95019,16813.74145,18326.92852,18315.31561,18768.8265,16797.35739,18124.10076,21665.83081,21422.46222,19145.61441,20496.5798,20170.32276,19004.00345,19275.43281,20652.84127,27459.87394,32023.68383,32489.72773,35458.25231,39780.94535,44366.78732,44918.84418,43988.52803,47186.88008,45936.95995,47535.49104,50485.22741,44536.35609,48181.87419,50765.69565,54545.29998,53309.57927,54693.51141,57116.41387,
Grenada,2366.486015,2694.183285,2807.745444,3014.874886,3069.679775,3032.231462,3151.102165,3288.223318,3499.527349,3715.72059,4198.715561,4512.224618,4840.684064,4821.784995,4992.441407,5435.151806,5470.603315,6308.665042,6295.281172,6790.63408,7343.44527,6810.440318,6760.974884,6775.749278,6900.765076,7205.254765,7726.378262,8379.621847,8849.513535,9309.261296,9574.310271,9887.920742,8437.536782,9010.5128,10016.20869
Guatemala,915.3980653,955.1134609,845.3148139,1011.75899,1093.956561,1164.381773,1293.470011,1424.682543,1487.607658,1649.001602,1755.849582,1619.510736,1664.307712,1550.361845,1682.994501,1737.879287,1859.099338,2068.488161,2251.078833,2490.747774,2802.451459,2651.831609,2852.557652,3228.03814,3355.034599,3522.767541,3779.626042,3994.629085,4173.281303,4454.024661,4485.752384,4647.80734,4609.897258,5029.477338,5473.208741
Guinea,398.9001183,396.3434654,419.6868061,455.740543,480.7562462,465.3777108,465.8552181,494.5820719,503.5676762,482.4421848,448.9653323,423.4038007,359.2866701,335.0142928,343.9345943,392.8798442,405.6960598,321.3386332,452.2761597,657.9934738,712.099416,670.2612536,667.2816019,644.5025486,707.9676782,757.6922725,774.5690396,756.4255898,720.4732552,843.4642792,944.4172686,1043.899886,1073.659339,1189.175999,1531.656475
Guinea-Bissau,174.3840611,222.4319992,250.5898464,258.7400731,221.2460248,224.1574222,216.2411595,227.3200154,237.0847195,231.0229499,174.3624778,186.0352265,301.495571,312.2535665,324.9699,362.9061593,394.995798,425.4718887,418.902079,480.4386022,583.2683059,543.5624692,542.2841012,683.534476,598.5726262,616.1599287,605.1225465,585.9570126,642.6663901,718.2457378,781.6443676,730.6114323,710.258133,795.118605,775.8289657
Guyana,545.5863801,504.4240975,530.8175214,468.3980223,501.4418045,607.7463433,721.6033895,826.9733705,936.0843257,991.9585514,948.2404227,916.5463808,938.893298,937.2979905,955.0302105,976.9932616,1036.019877,1085.784887,3138.082204,3609.908515,4011.386897,4213.816229,4589.87249,4960.004726,5461.390076,5576.250215,5495.377084,5668.429765,5905.380196,6220.978568,6094.909837,6477.296726,6863.074346,9998.544311,18989.7902
Honduras,1235.365479,1105.556187,974.2294838,894.5102094,924.9596767,896.2836897,821.2161476,919.9379933,872.5818384,933.7557079,1009.162705,990.297834,1079.605666,1118.940894,1119.424251,1142.811372,1201.247505,1289.823137,1409.579723,1559.886044,1713.418134,1762.34916,1874.271704,2053.959731,2107.345481,2064.550519,2164.424516,2257.225284,2295.536231,2403.306094,2457.686012,2519.366193,2354.12148,2771.722616,3040.17308
"Hong Kong, China",10609.74564,12097.74931,13485.63145,15465.92519,17976.46809,20395.56131,22502.53121,23497.39106,24818.30163,27330.09218,25808.85988,25091.6666,25756.77397,25230.37809,24665.83729,23977.17341,24928.10037,26649.63658,28224.09395,30593.95248,31515.52786,30697.53839,32550.13789,35142.48793,36730.79777,38403.77771,40315.37222,42432.16197,43734.19807,46160.42979,48537.56689,48359.00325,46109.22999,49764.79312,48983.6238
Hungary,,,,3350.258323,3735.10582,3873.987723,4173.373024,4494.707624,4525.040091,4596.183443,4744.213002,4793.477848,4624.282203,5276.033189,6655.333009,8419.432122,10301.7017,11223.3993,11489.56087,13940.90675,15772.32703,13077.30762,13217.5046,14234.47158,12984.83657,13715.07036,14294.25842,12717.0386,13104.69955,14621.2396,16425.20503,16786.21364,16125.60941,18772.14111,18463.20852
Iceland,24451.98279,22434.35005,25384.92591,26802.97059,27124.25883,23579.80176,24018.63884,26633.6051,27614.87703,27919.18911,31030.03902,32381.62822,32096.37226,28897.44295,32409.22793,39476.70685,47334.95313,56794.88022,57492.93425,69495.72674,56943.35966,41301.27943,43237.07295,47714.59223,45995.54788,49804.983,54576.74481,52951.68151,61987.92636,72010.14903,74452.18907,68403.14481,58813.79698,68594.0081,72902.97995
India,355.738418,347.4620369,368.7497594,303.850438,317.5587347,301.5007864,346.2273931,373.6282338,399.5773066,414.8986835,412.5093558,440.9614546,442.0347789,449.9111249,468.8444283,543.8437989,624.1050944,710.5093449,802.013742,1022.732476,993.5034125,1096.636136,1350.634457,1449.603301,1434.017978,1438.056995,1559.863772,1590.174322,1714.279541,1957.969814,1974.37773,2050.16379,1913.219721,2238.127139,2388.621198
Indonesia,479.8107166,527.8114773,582.6789678,629.1606798,678.977737,824.079149,907.4717857,1020.146681,1129.09271,1054.347358,459.1918631,663.5232299,770.8653516,739.0039465,888.9013897,1052.413199,1136.755211,1249.397694,1572.79794,1840.329927,2144.389544,2239.095265,3094.443079,3613.800888,3668.212084,3602.885517,3476.624854,3322.581679,3558.818852,3839.785075,3902.661675,4151.227555,3895.618152,4334.215983,4787.999308
"Iran, Islamic Rep.",2361.417198,2246.19174,2237.052261,,,1066.741938,1197.642146,1585.977937,1954.660752,1823.274514,1737.700033,1765.783643,1672.022877,1902.947639,1910.477134,2259.51632,2751.793042,3226.613971,3736.177793,4838.003556,5623.911681,5602.556282,6458.573956,8201.581678,8329.002067,6280.681868,5757.543333,4990.936795,5497.243233,5758.590728,3829.829855,3276.753265,2746.419483,4084.200305,4387.825715
Iraq,3690.071194,3774.206439,10216.56881,22.85037052,30.11431551,53.480235,197.1224266,615.5003718,482.1636186,929.8764466,894.3290943,1548.298284,1963.722839,1422.831339,1254.162045,809.845684,1314.762559,1740.66833,2253.547113,3099.59197,4504.508094,3686.402133,4430.426242,5736.898959,6437.503076,6612.902252,6215.986033,4416.942923,4305.202702,4725.193573,5601.467061,5621.181695,4251.337253,4770.835343,5937.195466
Ireland,10715.87028,11175.8166,14031.30257,14087.20744,15714.38475,14657.06155,15902.92968,19158.45648,20835.89771,22551.11391,24294.85477,26338.10775,26334.56721,28282.40988,32705.43456,41203.52958,47754.20232,50933.02161,54329.16186,61396.41746,61353.10656,52133.09062,48663.60044,52183.13293,49054.69743,51546.35476,55643.05943,62053.98444,62895.91112,69970.94891,79250.38785,80927.07467,85420.19086,100172.0793,104038.9461
Israel,,,,,,,,18916.72597,20117.29702,20366.87813,20106.76303,19742.44091,21630.57077,20909.67895,19035.00197,19627.03184,20557.15507,21223.93559,22494.60002,25633.74961,30173.18336,28316.78537,31266.60532,34354.71612,33156.22832,36941.84236,38259.6811,36206.52222,37690.47395,41114.78171,42406.84543,44452.23256,44846.7916,52166.81216,54659.75396
Italy,15744.66126,16386.66221,20825.78422,21956.52977,23243.47453,18738.7639,19337.6309,20664.55227,23081.60468,21829.34582,22318.1373,22005.05454,20137.59122,20500.9544,22376.2979,27526.32246,31317.20079,32055.09208,33529.7266,37870.74751,40944.91242,37226.75719,36035.645,38649.63948,35051.52127,35560.08141,35565.72138,30242.38614,30960.73151,32406.72032,34622.16967,33673.75096,31918.69349,35770.04961,34157.99012
Jamaica,1625.757846,1855.988484,1919.795357,1702.501692,1452.188387,2212.256411,2194.911199,2621.181995,2919.147763,3287.746786,3410.42776,3423.008643,3447.303896,3502.213118,3683.893363,3557.200606,3819.284231,4200.388958,4435.571475,4738.449788,5056.258008,4452.120808,4835.791068,5259.931741,5365.242149,5143.722172,4991.564267,5077.551636,5022.703328,5273.148923,5594.493107,5626.170403,4897.26477,5183.5811,6047.216464
Japan,25059.01395,24822.77257,25371.46417,28915.01536,31414.97637,35681.96849,39933.51278,44197.62889,39150.05523,35638.243,32423.75545,36610.16671,39169.36018,34406.16902,32820.78863,35387.04836,38298.98017,37812.89102,35991.54239,35779.01568,39876.3063,41309.00165,44968.15623,48760.07895,49145.28043,40898.6479,38475.39525,34960.63938,39375.47316,38834.05293,39751.1331,40415.95676,39986.92863,39827.12677,33815.31727
Jordan,1988.309,1274.972379,1195.226437,1184.947944,1373.412409,1375.54786,1457.703132,1509.040549,1503.143967,1530.703844,1633.280882,1646.192662,1673.358125,1738.383411,1816.40692,1889.437839,2062.69597,2216.945182,2478.291944,2643.169309,3416.126067,3618.892617,3914.701231,4152.493981,4386.461819,4477.618321,4255.894302,4064.25301,4003.404746,4073.116403,4146.407311,4159.671408,3987.650174,4046.931467,4204.50564
Kazakhstan,,,1647.463243,1514.923094,1515.737659,1429.078177,1316.183629,1288.188519,1350.305002,1445.503237,1468.668666,1130.117529,1229.000958,1490.926751,1658.031146,2068.123518,2874.288483,3771.278957,5291.574022,6771.416639,8458.019498,7165.224794,9070.488253,11633.99856,12386.69927,13890.634,12807.26307,10510.77031,7714.841844,9247.580687,9812.625422,9812.595536,9121.636402,10373.78979,11243.67123
Kenya,386.3559486,369.9833632,370.100147,340.8064551,332.9499069,226.521153,273.5217948,336.5653474,436.1957062,462.4045395,483.7086323,430.3672619,411.8213539,408.3606087,401.0923718,441.3914117,462.6182158,522.7768371,699.3997381,840.1916319,915.9989157,1049.121794,1093.639628,1099.315465,1289.780795,1376.829206,1489.919724,1496.653568,1562.076611,1675.98843,1845.783413,1970.080063,1936.250752,2069.661137,2099.301938
Kiribati,621.2951913,603.0134251,571.4992234,620.2269097,612.7811046,593.2370865,683.1773763,691.4086831,803.038504,801.0922106,761.4204085,790.8726756,757.1334363,696.9975512,781.3628639,956.8304784,1063.878193,1142.335559,1101.457235,1300.758798,1356.647112,1249.302417,1438.080772,1644.407212,1698.91907,1628.642442,1546.881359,1459.143695,1506.23103,1566.447044,1607.22965,1410.01509,1403.993738,1766.143945,1701.970123
"Korea, Rep.",4748.629608,5817.029181,6610.036508,7636.982429,8126.67039,8884.928319,10385.33617,12564.77813,13403.04959,12398.48003,8281.699982,10672.41793,12256.99357,11561.24837,13165.06574,14672.85747,16496.12009,19402.50326,21743.47709,24086.41143,21350.42863,19143.85161,23087.22564,25096.26388,25466.76052,27182.73431,29249.57522,28732.23108,29288.87044,31616.8434,33436.92306,31902.4169,31721.29802,34997.78164,32254.62472
Kuwait,9717.621803,11001.66432,11002.06562,8219.492414,12253.57944,14477.95107,15141.30339,16424.99077,18488.86658,17230.06448,14258.37266,16044.51136,19493.91453,17517.72519,18626.7595,22781.11943,27601.40006,36144.99495,42970.66313,45729.80604,55595.40848,37906.1503,39212.63528,49010.32037,51271.14865,47762.72232,43239.81365,29315.19607,27026.6482,29258.28964,32012.1352,30666.22066,24297.70114,32186.76541,43233.48909
Kyrgyz Republic,,,609.1728912,575.6439745,513.0359437,449.0657902,372.30781,364.2264974,394.8601215,376.4296133,345.1381316,258.0492288,279.6195693,308.4096116,321.7270332,380.5064324,433.2349766,476.5518917,543.1107031,721.7695263,966.3938474,871.2242201,880.0385141,1123.883136,1177.975258,1282.438247,1279.770777,1121.082691,1120.667061,1242.770223,1308.139779,1374.031136,1182.521506,1306.177992,1606.668075
Lao PDR,146.9857673,170.2733689,200.6191481,231.6961552,247.2661115,283.3862984,321.0529113,357.9017031,371.471748,339.1901695,243.9864436,272.3624326,318.7709228,320.4190111,313.6184405,355.6514836,410.251319,467.3795927,581.0102436,699.0413761,887.6397349,936.7903214,1127.835236,1363.72529,1566.009745,1815.440238,1984.50867,2125.459057,2309.049076,2439.463355,2553.361866,2598.505523,2593.355097,2535.623434,2088.377182
Latvia,,,,,,,,2329.576733,2431.709,2683.241368,2973.534843,3151.577018,3361.640869,3578.0019,4136.933297,5145.195232,6378.666521,7594.902384,9723.446902,14113.52913,16467.14369,12331.92855,11420.994,13338.96224,13847.33794,15007.49186,15742.39134,13786.4568,14331.75159,15695.11515,17865.03109,17945.22222,18207.13964,21080.17745,21851.1052
Lebanon,958.4605773,770.953665,789.8503921,1279.180626,1560.198708,2079.646174,2468.819841,2959.560851,3393.503399,3834.856217,4127.320054,4091.994007,3994.861144,4021.177263,4307.100827,4458.10858,4625.304247,4630.009214,4665.962801,5162.032959,5957.696754,7149.791498,7695.245415,7914.109568,8500.180563,8255.209211,7665.379692,7802.751368,8172.299476,8679.897422,9225.845155,8925.42186,5599.957523,4136.146575,
Lesotho,271.3196923,280.3529293,331.5237892,384.9805422,447.1491434,443.1672865,459.6627012,518.0212392,483.9207324,505.9388399,467.5879478,457.70433,443.9499284,412.9622962,388.3674887,580.937271,761.1810388,850.7752709,910.618541,848.0236874,885.6180571,866.4456896,1104.800538,1265.863867,1205.860003,1141.361038,1165.050705,1113.868632,986.2652568,1062.712399,1162.978792,1094.499438,939.5042491,1040.308623,1107.395298
Libya,,,6821.874017,7368.032884,7623.931967,6745.925687,6164.341276,5396.375074,5785.113755,6262.489468,5471.086891,7112.671615,7424.353472,6465.622203,3789.20527,4738.828475,5823.637943,8108.052608,10060.36104,11158.11227,13921.89923,9560.803808,11611.3586,7784.133214,15765.41979,12589.52971,9408.752546,7867.515731,7945.00605,10529.11627,11838.29871,10542.42902,7034.658365,5908.951323,6716.095985
Lithuania,,,,,,,,2167.792582,2327.434857,2830.278071,3166.666533,3113.17906,3293.229979,3525.793632,4141.592702,5499.428989,6700.327192,7854.765279,9230.707981,12285.44705,14944.99665,11820.77616,11987.50841,14376.94786,14367.70942,15729.65247,16551.0182,14263.96458,15008.31324,16885.40739,19186.35959,19598.40087,20363.92441,23712.53578,24826.79104
Luxembourg,25219.35428,26618.06958,33465.47821,35747.3378,39570.86157,40066.72425,43933.23544,51032.34964,50444.35912,46641.64088,47445.38108,50872.44927,48659.59888,48440.14202,53005.73392,65689.32145,76544.91709,80988.13762,90788.80049,107475.3203,120422.1379,109419.747,110885.9914,119025.0572,112584.6763,120000.1407,123678.7021,105462.0126,106899.2935,110193.2138,116786.5117,112621.8213,117370.4969,133590.147,126426.0899
Macao,7053.673646,8020.683769,9269.649022,10390.0486,13197.53308,14881.60634,16233.40642,17764.54638,17751.5365,17652.58974,16232.5264,15387.5287,15684.77955,15622.70305,16393.74305,17828.9536,22381.92296,24886.58189,29637.76645,35782.86109,39745.76222,39754.97449,50676.38919,64528.36014,74111.60582,86853.47342,90873.60249,73220.63173,71919.05267,78985.63229,84923.30876,83183.47239,37646.49565,43873.41716,31617.5019
Madagascar,284.6004294,275.2632012,330.8435253,265.7937076,294.2934347,312.0789333,262.1461279,276.7368024,344.4649472,288.4493809,288.6359376,271.9429822,285.4664633,325.460301,310.929711,359.5343848,277.5078265,311.7931266,330.5226701,427.8363292,522.8306219,455.4073737,459.375408,516.9025392,504.1737378,526.6880197,517.1361832,455.6380345,464.6161584,503.4980587,512.5439915,512.2796656,462.4042288,503.3520811,505.0355276
Malawi,229.382053,252.2323133,286.9165947,326.1716934,258.8955804,293.7821954,169.7491987,201.1014086,321.9596341,368.6773117,237.374331,235.5102338,225.9524555,217.2404723,431.696661,386.317242,407.58899,417.1022634,443.5236757,478.0280765,557.5190094,630.1091541,688.1391912,769.0525992,563.0615397,501.197173,534.1269771,544.2768724,454.4432661,500.1655472,537.9322041,584.3628673,622.1845914,633.6097333,645.1586921
Malaysia,2134.518874,2282.470251,2513.241395,2727.528585,3193.635381,3511.532629,3802.107621,4405.116764,4874.819725,4706.314913,3308.835653,3538.362993,4087.562593,3941.122666,4177.104942,4454.526764,4924.338111,5536.83797,6137.15061,7143.999446,8343.302548,7167.877376,8880.14604,10209.37191,10601.51091,10727.67055,11045.58098,9699.584909,9555.647335,9979.704757,11073.97859,11132.10345,10160.82935,11109.26529,11971.9276
Maldives,798.0418326,869.5835688,955.9336667,1052.753659,1191.271151,1311.467946,1411.631723,1545.223056,1707.021759,1889.026176,1972.623404,2118.721495,2209.988231,3028.050748,3069.039872,3539.801547,4060.534405,3789.232024,5010.163424,5746.644258,6743.130961,6719.330257,7158.061411,7409.331704,7447.415454,8222.558022,8872.128664,9434.31191,9640.319191,10063.00371,10823.61048,11118.52623,7282.372916,10366.25678,11817.52393
Mali,251.7025992,248.6655538,299.8216159,298.5686887,304.0278708,296.4580146,214.3626457,272.7950323,274.4224086,260.3559663,274.9743973,315.1714678,263.4983842,299.4121752,326.9666593,381.9485462,427.7173197,473.9950471,506.9118388,579.2571403,676.1270005,680.6499581,688.3278655,810.1825565,753.3921368,778.797053,818.4303416,723.504205,750.051809,795.6828021,856.3565959,840.1757461,822.9061375,881.5100886,833.2972552
Malta,5814.364771,6040.609862,7191.923603,7558.277383,8220.245518,7296.310144,8000.518005,9171.061035,9438.557327,9724.33797,10273.45181,10720.90588,11083.0128,11081.00804,11853.18975,13772.22072,15243.15901,15866.14215,16723.87768,19485.95061,22205.28275,21083.12592,21798.90293,23155.11484,22526.65578,24769.4496,26753.26013,24921.6779,25623.85563,28823.34576,31566.35811,31506.55684,29196.97775,34218.21474,33940.9496
Mauritania,742.4264526,742.003754,751.1934824,1032.614114,1007.809646,825.7936118,840.0502399,878.7505856,877.829799,834.0437417,796.8425141,757.8090785,660.3038518,632.21415,629.7819094,711.3824822,801.7786831,974.6575859,1272.082434,1378.215121,1610.236957,1418.940825,1646.130447,1919.452248,1850.384968,1929.775661,1715.388838,1562.726853,1579.199301,1634.642845,1749.954236,1839.962778,1868.468248,2166.044797,2190.700205
Mauritius,2046.044192,2075.542705,2506.184933,2669.326279,2973.205385,2973.793608,3197.336958,3599.551751,3899.442435,3646.637842,3593.241569,3695.933686,3929.081732,3856.630743,4018.948897,4793.722474,5388.062518,5282.900051,5695.975315,6574.663524,8030.052422,7318.12641,8000.376432,9197.042991,9291.236379,9764.644025,10366.35519,9507.871337,9965.725217,10841.68467,11643.4606,11403.25289,9005.462022,9062.722476,10216.29474
Mexico,2302.021954,2759.47648,3196.919872,3756.852597,4272.788266,5778.907809,5976.494075,4002.158718,4487.26319,5370.244638,5555.711857,6230.697201,7232.910681,7613.142978,7650.931864,7120.372121,7525.487461,8321.859856,9125.387739,9719.927864,10119.82106,8104.922573,9399.964709,10341.50024,10376.0905,10865.68729,11076.13411,9753.400562,8875.082069,9434.378179,9857.007487,10145.15263,8654.997325,10045.67637,11091.30543
"Micronesia, Fed. Sts.",1312.811227,1396.751932,1492.855187,1654.933434,1730.924358,1871.168537,1860.460843,2008.332427,1972.601887,1859.270424,1964.643736,1973.66392,2088.209544,2152.52528,2165.48682,2195.187156,2155.78169,2256.011357,2298.636458,2344.403462,2420.749006,2598.403604,2760.01134,2885.441249,3023.585446,2920.700863,2928.448782,2891.322103,3022.653627,3320.354976,3623.329337,3699.081514,3639.412699,3571.336769,3741.057769
Moldova,,,,,,,,593.586593,575.1454551,657.2921346,578.7346276,399.4998186,440.538684,507.4040763,570.7998662,682.319096,897.1784947,1034.391977,1183.024784,1531.216189,2110.553118,1898.439683,2436.799359,2941.362119,3044.808479,3321.043917,3289.167846,2749.913038,2847.635069,3454.95469,4156.9575,4404.950422,4376.242493,5235.636044,5562.613625
Mongolia,1545.234053,1686.592152,1184.762914,1081.33412,589.141694,338.4565525,402.2650748,623.1574552,570.9379005,495.8218917,467.5139344,435.4184944,463.8538819,512.81947,559.827709,633.9465596,784.912072,986.0180411,1322.640676,1625.318473,2134.949833,1718.914022,2660.288176,3793.743654,4402.304523,4422.300876,4211.939435,3919.351214,3690.756778,3708.248221,4165.022821,4394.94715,4041.174145,4566.140131,4946.754811
Montenegro,,,,,,,,,,,,,1627.064997,1909.598702,2106.635068,2789.159065,3380.165121,3674.617924,4425.678873,5976.394145,7367.751909,6727.107767,6688.402684,7328.790465,6586.398684,7188.862445,7387.871036,6517.189614,7033.438006,7803.362579,8850.378404,8909.653336,7677.369141,9465.966408,9893.515907
Morocco,1076.092773,1081.965332,1219.424561,1282.57959,1317.329956,1217.429077,1348.539063,1455.950317,1585.722778,1416.900391,1658.471802,1627.135132,1492.377075,1500.363403,1590.487305,1936.090088,2177.798828,2237.576172,2433.212646,2751.42334,3180.170654,3118.141602,3067.851807,3302.453125,3164.004639,3377.643555,3430.534668,3139.228271,3132.952148,3288.502686,3492.672363,3498.58252,3258.10498,3795.386963,3527.941895
Mozambique,,,,267.9331537,191.0707135,192.1354326,187.5262655,185.9534301,239.8574043,281.3773488,311.0455743,344.7017804,318.3426885,296.2868142,303.6656874,328.5287213,387.4757245,422.6428624,442.5590549,491.0984302,574.7697436,531.0269671,481.268197,605.27347,667.7177895,672.2039886,680.3753004,594.2269178,430.9929451,462.6999701,504.5358261,508.1634038,454.0623643,491.8390749,541.4544255
Myanmar,35.8273662,42.41195118,50.7829482,52.5358126,53.7388483,67.23767783,90.26444814,113.7881689,132.6388273,128.1057198,103.6268381,125.3022579,150.4078289,135.1797056,131.4673541,165.2586951,198.3769239,221.8659075,246.6924955,321.8283481,472.2605905,600.9316172,765.2418886,1086.838467,1161.305962,1195.9378,1238.72871,1224.562368,1161.861818,1175.202555,1274.915663,1295.201487,1477.452905,1210.540688,1095.70179
Namibia,2065.563443,1968.165794,2037.910603,2117.005717,2346.276254,2153.342187,2352.661643,2478.25374,2417.577868,2453.866754,2231.114407,2175.449396,2156.090142,1916.255899,1773.431611,2571.982341,3407.850912,3692.752796,4027.961706,4394.517549,4222.32636,4322.629351,5445.420063,5873.059381,6017.178488,5463.031366,5544.103813,4965.672829,4614.89218,5453.570623,5687.381186,5126.176143,4252.041807,4919.188955,4911.327635
Nepal,186.2644755,184.1322358,184.9236477,194.8000167,164.2928089,172.0966701,186.5942635,197.3096505,198.4544651,211.5619465,204.876507,208.4914738,223.7118919,240.7051592,238.8612541,246.4858378,279.7242003,309.3104201,341.02814,386.5295864,466.6933791,475.6359761,589.1654349,791.2255767,794.0925593,809.3844577,827.7447049,882.3076635,880.2248937,1027.965474,1161.53435,1185.682318,1139.189892,1229.394205,1336.546047
Netherlands,17744.50138,17397.69168,21290.86038,21732.23076,23904.03742,23122.41077,24646.31431,29258.13435,29006.80945,26700.53713,27885.80838,28272.64325,26214.49855,26896.54811,29343.245,35750.97466,40436.61823,41994.71353,44900.93814,51799.20855,57879.94376,52722.21306,50999.74512,54230.3129,50070.1416,52198.89756,52900.53742,45193.40322,46039.10593,48675.22234,53044.53244,52476.27325,52162.57012,57708.11121,55985.40343
New Caledonia,12665.90595,13092.32551,14800.79125,15133.157,16261.95524,15297.04587,16037.02933,18721.05773,18257.21506,16339.80724,17324.25058,17435.74544,16039.16917,15174.27843,16885.8944,21817.31511,25770.53108,26861.69844,29604.05263,36864.85763,37353.7373,35391.08787,37494.89516,40697.65294,37294.02281,38503.25385,39675.56631,32428.57211,32286.91056,33874.93076,36495.19599,34934.57949,34700.98162,36668.42535,
New Zealand,13759.03746,13312.38559,13663.02162,12229.93009,11793.01384,13094.18251,15279.93963,17399.92902,18794.43604,17473.65462,14738.27103,15322.22383,13641.01786,13882.86651,16874.18749,21913.70817,25420.33729,27751.06547,26654.5932,32479.98174,31252.96256,28209.36233,33676.77412,38387.62708,39973.38076,42976.64959,44572.89875,38630.72659,40058.19616,42910.97284,43236.88669,42796.43058,41760.59478,49996.42067,48249.26402
Nicaragua,652.2961263,245.3560381,238.765008,344.0500793,404.9537718,388.0218518,835.2363152,876.8598596,895.2622309,896.6518398,931.7959134,961.5515216,996.897852,1025.10851,993.3841143,999.885954,1075.998562,1158.881323,1223.083148,1323.839054,1493.904821,1438.096625,1495.733777,1644.801509,1746.421289,1794.782566,1913.521321,2025.327261,2079.445529,2127.277659,1981.863168,1905.638313,1876.607372,2064.925116,2255.425986
Niger,289.6701216,268.5494049,419.6038955,380.5366381,380.14907,332.0622151,204.1495873,234.6196048,237.0149626,218.2461446,243.5175497,225.9535079,192.8777258,203.5264888,223.352393,263.0912317,281.3253601,316.3656478,331.103768,384.7183451,472.1784269,458.4218899,471.6126878,507.6024956,525.0472844,548.157849,560.7544753,481.1113011,497.0361208,514.5432689,567.3308492,550.9635431,564.8219973,590.6294814,533.0287638
Nigeria,549.5037556,474.4569001,567.5179022,502.8228892,477.0810397,270.0275283,320.8257942,407.2782957,460.3241902,478.5769435,467.9390142,496.0307379,565.3059926,586.8330617,733.5381615,786.8024093,992.7452801,1250.406675,1652.15369,1876.412777,2227.789952,1883.887348,2280.111979,2504.878279,2728.022683,2976.756736,3200.953146,2679.554765,2144.779938,1941.879485,2125.834282,2334.023543,2074.613928,2065.749068,2184.421493
North Macedonia,,,2299.044329,2424.907674,1207.542898,1343.315289,1795.553103,2372.543692,2327.730787,1959.560738,1875.816616,1915.392799,1861.899007,1823.022668,1989.135383,2440.478815,2795.897375,3072.679612,3362.970716,4079.390434,4841.253622,4584.712431,4577.689576,5098.094701,4728.313079,5241.053639,5495.7314,4861.55616,5149.586764,5450.497035,6108.739131,6070.388054,5965.450232,6694.641126,6591.471292
Norway,24207.34338,24281.13041,28242.79341,28596.74553,30523.98096,27963.58294,29315.875,34875.94289,37321.92598,36629.02659,34803.47494,36393.42496,38178.05615,38602.09441,43170.67163,50250.21153,57768.41243,67047.17046,74434.11281,85502.75393,97503.54078,80347.14416,88163.20859,101221.8135,102175.9193,103553.8401,97666.69518,74809.9658,70867.361,76131.8384,82792.84271,76430.58895,68340.0181,90655.39102,106148.7786
Occ.Pal.Terr,,,,,,,1201.581542,1326.562857,1317.466751,1389.164971,1465.046057,1499.492177,1476.17185,1335.553195,1156.217473,1257.69857,1422.190886,1543.701414,1570.1044,1664.245717,2035.202341,2191.781787,2557.075624,2880.798437,3067.438727,3315.297539,3352.112595,3272.154324,3527.613824,3620.360487,3562.330943,3656.858271,3233.568638,3678.635657,3789.327966
Oman,5165.729577,5468.528327,6475.41707,5984.360617,6272.469437,6029.876388,6054.743884,6352.823059,6913.146462,7052.69677,6139.732825,6742.824603,8321.393867,8191.512832,8380.038952,8896.90253,10030.44443,12357.70139,14533.72942,16151.27584,22974.27735,17937.97957,22552.19901,24166.09631,24722.63882,23563.9406,23121.20638,18777.43306,17082.2062,17802.57512,19887.57431,19132.15227,16707.62301,19509.46646,25056.79486
Pakistan,356.3352154,359.7292623,346.6685155,382.7514315,399.4655861,412.6753983,404.6068718,455.5079732,461.4002095,441.7549177,427.5063275,420.6826091,531.3064961,499.2183062,489.4255272,549.870377,631.4711708,688.5005879,770.8433394,837.6315379,914.7314893,884.4410142,911.0899961,1075.45102,1109.678735,1126.040776,1173.392309,1282.443026,1468.822077,1567.64062,1620.742596,1437.165834,1322.314783,1505.010193,1596.662661
Palau,,,,,,,,,,,,,7416.480787,7913.450676,8220.487633,7744.627767,8297.895213,9603.797085,9805.92283,10270.45854,10380.26908,9960.84139,10029.28803,10795.56469,11835.38393,12418.82617,13580.00674,15761.36338,16743.37674,16011.66115,15948.27586,15567.09087,14016.2475,12083.88815,
Panama,2514.153933,2467.535308,2626.14328,2827.558388,3148.447531,3368.202787,3518.953402,3524.881271,3561.290458,3775.571536,4012.054165,4121.56222,4099.00654,4084.258536,4163.521959,4304.10698,4629.029316,4953.12998,5385.564243,6205.821576,7197.110786,7618.438459,8124.558307,9403.439908,10767.29318,11932.28622,12837.24796,13669.55944,14382.23238,15185.97248,16156.07429,16472.83175,13293.33321,15491.28979,17357.62863
Papua New Guinea,993.621403,942.1798557,833.053995,948.9851423,1058.341136,1159.13976,1236.110584,1004.249699,1077.188504,995.1972595,737.413721,653.4081341,639.2791999,540.6738896,509.0304919,580.5981672,624.0353213,748.7350734,1245.474263,1379.127071,1635.039364,1578.968437,1879.240444,2303.826661,2653.092358,2578.498647,2742.25005,2502.073746,2332.675664,2495.140474,2584.327738,2593.775798,2446.084413,2644.537173,3020.269646
Paraguay,1106.971847,1204.096538,1431.8392,1675.713643,1673.448372,1652.804321,1750.935478,1968.352487,2077.484829,2068.208378,1880.893165,1758.260193,1728.340743,1630.190846,1361.249281,1436.764904,1776.932258,1960.514766,2426.417098,3194.262982,4360.429101,3920.186073,4702.91577,5772.99551,5621.244026,6435.82655,6629.426519,5861.389724,5759.018333,6136.058354,6242.961502,5807.838814,5353.348045,5959.441763,6153.055677
Peru,730.2097626,1040.47519,1194.548302,1520.677362,1560.546504,1481.340989,1871.392109,2180.566639,2218.321747,2292.396517,2149.701063,1911.735017,1941.31826,1925.97942,2003.971081,2126.137824,2393.665897,2702.237701,3123.320159,3572.363589,4184.885982,4164.970483,5047.204643,5826.832307,6475.719417,6697.187683,6614.830499,6180.118799,6163.861179,6676.307788,6912.104623,6955.88177,6063.62658,6635.463923,7125.829235
Philippines,734.4302796,806.850437,820.4871803,821.4522344,936.1485762,938.7622924,1081.434321,1222.292531,1334.105656,1294.111958,1000.00669,1123.163562,1073.264436,991.1479821,1037.174794,1049.386488,1122.855528,1245.286591,1452.22142,1741.603505,1990.356146,1893.281623,2201.776819,2431.199965,2671.777538,2847.567954,2935.928578,2974.29692,3038.152046,3077.434432,3194.672704,3413.849067,3224.422811,3460.539401,3498.509816
Poland,,,1731.209509,2235.541046,2459.020594,2497.130559,2874.831636,3686.844639,4147.465501,4123.146096,4518.108226,4398.071805,4501.479961,4991.244358,5207.128879,5701.638863,6681.31036,8021.547064,9035.531788,11254.31409,13995.7831,11525.90197,12504.25019,13776.3894,13010.75692,13558.34256,14181.95018,12560.05142,12378.81176,13815.49995,15504.50894,15700.01358,15816.8204,17999.83227,18321.28089
Portugal,5623.697,6056.381028,7884.617988,8958.985333,10810.56651,9534.656364,9977.319909,11781.36185,12185.0914,11575.50711,12199.20639,12475.29177,11526.37207,11734.76497,12936.69282,15797.78213,18064.15809,18780.12751,19839.45405,22811.05648,24949.04136,23151.21541,22520.64231,23217.2955,20563.7136,21653.19598,22103.70097,19250.10654,19991.97249,21490.42986,23562.55452,23330.81729,22242.40642,24598.47279,24274.51658
Qatar,14650.74424,15197.8751,16664.83143,15079.35946,16223.78008,14724.25918,14728.78202,15797.69104,17116.83256,20519.40935,17651.54558,20207.22559,27494.77133,25836.27079,27151.0325,31440.22071,40792.27647,52468.44565,59978.86121,64706.9899,79811.59774,60733.9817,73021.30975,92992.99713,98041.36224,97630.82552,93126.14946,66984.9102,58467.23557,59407.69805,66264.08117,62827.39695,52315.66008,66838.32764,88046.32042
Romania,1753.192792,1789.644638,1648.33213,1254.357598,1102.103785,1158.055058,1323.035708,1650.052605,1633.010644,1577.335827,1852.555839,1599.906489,1659.928985,1825.192889,2119.855097,2679.406193,3494.990743,4618.003244,5757.53059,8360.337759,10435.2166,8548.04859,8397.809173,9560.15838,8930.729912,9497.207427,10031.34215,8976.955236,9404.380487,10727.97175,12494.42464,12957.99911,13047.45768,14927.11686,15892.11853
Russian Federation,3777.235352,3428.762207,3492.710205,3490.452393,3098.802734,2930.670166,2662.104004,2665.779785,2643.929199,2737.572021,1834.861816,1330.757202,1771.594116,2100.352539,2377.529541,2975.123047,4102.364746,5323.455078,6920.199707,9101.239258,11635.28418,8562.824219,10674.99023,14311.06445,15420.8584,15974.62305,14095.64648,9313.021484,8704.894531,10720.33203,11287.35449,11536.25879,10194.44141,12593.15723,15345.09668
Rwanda,344.4781862,336.7447974,348.3878321,255.3675787,264.9826094,249.4105711,111.9373042,227.4588747,205.8421295,241.5055332,251.3496876,269.3053659,255.088226,239.1248198,234.8137474,249.5550099,270.3030316,325.0242237,358.1108537,427.4199018,529.52427,564.9718753,594.1095118,650.936182,706.139034,704.4235236,724.7286812,733.8228504,728.806677,756.5476049,768.9641303,806.1280144,773.8205575,821.2281941,966.3271101
Samoa,794.3533993,731.9765181,747.7808483,744.4959154,779.1744437,776.8519111,1277.233772,1285.66701,1414.202089,1598.918025,1493.945089,1401.715885,1406.765683,1435.345181,1509.886615,1778.842,2168.027953,2527.762838,2639.805669,3011.100809,3344.054559,3250.953097,3494.39529,3789.626478,3902.312164,3989.898249,3948.728781,4048.467057,4105.810681,4261.640513,4189.052219,4308.301453,4042.722715,3857.356685,3743.205679
Sao Tome and Principe,,,,,,,,,,,,,,519.2955732,568.4096734,663.9206402,726.5977285,843.9550846,861.5182369,878.1354699,1080.556592,1054.416091,1079.689654,1244.271625,1319.900833,1551.192905,1754.600471,1571.49854,1688.375303,1805.524651,1950.629352,1991.738264,2161.310201,2360.543554,2404.258693
Saudi Arabia,5998.224246,6210.052963,7349.703435,7939.297864,7932.70591,7450.658798,7359.448498,7588.761234,8174.141609,8323.826699,7169.366477,7697.270684,8795.260596,8337.322724,8380.959296,9321.803874,10935.01659,13462.76305,14848.60206,15756.19362,18944.85735,15064.63128,17958.94783,22441.57114,24069.20331,23945.51231,23862.80119,20442.36606,19930.40754,20910.48296,24175.58312,23405.70611,20398.06099,24160.67605,30436.2783
Senegal,902.2698649,869.459906,980.7545622,935.6383899,974.3312066,898.9129975,598.1454192,732.8363732,741.7616643,667.4532057,702.4336933,695.5520825,619.6421235,654.8407271,688.18748,840.3582538,941.8737919,1003.187194,1038.579092,1210.167497,1419.530902,1323.971225,1286.604966,1383.539117,1334.725914,1391.53219,1417.094988,1238.1264,1290.749971,1385.199215,1484.227069,1462.678352,1492.475904,1633.560119,1598.735991
"Serbia, FR(Serbia/Montenegro)",,,,,,,,2207.450598,2864.084727,3380.041416,2571.17271,2571.30404,914.7857199,1727.282228,2283.846685,3005.426352,3502.802924,3720.479155,4382.617279,5848.476405,7101.040141,6169.114195,5735.422857,6809.159804,6015.945228,6755.073675,6600.056186,5588.979444,5765.203352,6292.546549,7252.403668,7417.206585,7733.803494,9230.174447,9393.628906
Seychelles,4392.198921,4689.134784,5642.072897,5654.639401,6520.489505,6978.680306,6974.867706,7180.668327,7004.336039,7746.699027,8209.514443,8243.236101,8063.655476,8153.299101,8864.168656,9070.285167,10827.67164,11802.11183,12782.99466,12669.30354,11265.43729,9748.955518,10938.15309,12113.88181,12342.51009,14729.62703,15188.17428,14894.48578,15409.80502,15961.24168,16409.47113,16851.11976,12020.02191,12963.06467,15874.54007
Sierra Leone,260.1147233,224.3187348,150.1934191,178.1790984,158.0814981,178.9729971,211.338564,201.3711228,216.6234189,193.0108126,151.0965629,149.5783419,138.7139416,221.2950856,240.5075193,255.9726186,258.4731688,286.2859558,320.5143892,358.0773395,402.553446,386.4338685,400.5406934,443.451832,558.1797747,706.4526652,702.3386033,581.2934118,515.4478314,484.4561156,519.6499835,506.6069082,493.4322524,504.6212722,461.3611383
Singapore,8914.441226,10394.539,11861.75616,14502.37999,16136.24384,18290.132,21552.40769,24914.8507,26232.8692,26375.86833,21829.27813,21796.64168,23852.83434,21699.74754,22159.83325,23730.37947,27608.07457,29961.30828,33768.44574,39432.89474,40008.57676,38926.81311,47236.67154,53891.46229,55547.54625,56967.42579,57564.80231,55645.60686,56895.64334,61164.89736,66836.53851,66070.47067,61274.00646,77710.06996,82807.64908
Slovak Republic,,,2405.53516,2691.195652,2920.917542,3102.296859,3771.359516,4819.125555,5196.94038,5146.671078,5538.616465,5645.581396,5426.624281,5722.168183,6564.696314,8731.937368,10691.44655,11690.11347,13170.78498,16106.06044,18753.58494,16597.20846,16908.84796,18509.74022,17498.3539,18276.00955,18719.98814,16390.88217,16563.4405,17585.197,19486.39368,19381.59211,19551.62116,21782.85507,21258.11414
Slovenia,,,,,,,,10730.45101,10815.11105,10454.96564,11175.77103,11452.78312,10201.30354,10479.75963,11777.15566,14849.03724,17233.13856,18098.90854,19672.96556,23817.88673,27595.59997,24792.12798,23532.48085,25128.01504,22641.80512,23503.28249,24247.17332,20890.16643,21678.35947,23514.02546,26123.74713,26016.07868,25545.241,29291.40062,29457.40284
Solomon Islands,578.419904,549.6008259,662.8527486,681.3568218,782.2683324,849.3595615,1105.161697,1251.217924,1322.526239,1326.165604,1121.12074,1164.100165,976.4283009,929.8664985,768.4948389,905.5821945,991.9885636,1145.86655,1250.953787,1377.862006,1504.527559,1526.159971,1661.997814,1921.356345,2087.637662,2208.085253,2235.733596,2134.805424,2196.283908,2283.578944,2450.482931,2398.772963,2222.462143,2232.536956,2203.18966
South Africa,2780.586818,2794.395679,3160.878365,3304.828377,3519.001091,3461.334353,3547.951415,3904.324238,3654.927456,3731.43183,3336.439547,3267.939079,3241.66124,2867.472552,2708.423419,4095.68361,5268.278984,5893.186767,6139.581467,6662.062785,6251.877175,6444.18672,8059.562841,8737.04111,8173.869138,7441.230854,6965.137897,6204.929901,5735.066787,6734.475153,7048.508112,6688.774746,5741.641249,7055.055176,6776.480077
Spain,9703.123838,10681.9712,13804.87679,14811.90282,16112.18892,13339.90856,13415.287,15471.96272,16109.0844,14730.79718,15394.35146,15720.6405,14749.68742,15369.00116,17106.68658,21510.83625,24907.00085,26429.15094,28389.07858,32591.35031,35510.72223,32169.50285,30532.48051,31677.90031,28322.94659,29077.18206,29513.65118,25754.36103,26537.15949,28185.32137,30379.72111,29581.51855,26959.67544,30103.51373,29350.16852
Sri Lanka,416.0296538,411.2437445,466.8976566,516.7693263,550.5424443,579.990197,650.5535615,716.8007675,758.5064169,818.0287965,850.9856552,838.5636427,869.7534886,832.4273196,865.3021391,978.1686456,1060.136943,1240.518312,1423.190623,1611.175582,2007.02666,2053.766445,2836.974098,3248.040215,3351.892489,3643.832449,3885.62361,3990.353123,4107.829762,4388.201908,4360.584742,4082.694048,3852.389968,3994.246958,3354.383408
St. Kitts and Nevis,4179.293642,4696.490011,5346.472568,5439.809105,5920.220954,6363.682668,7027.434091,7367.454411,7748.670312,8581.668224,8665.09906,9070.73027,9275.989746,9973.553451,10398.52528,10119.74478,10882.35294,11711.15471,13747.80934,14660.96321,16491.88509,16374.25689,16427.62101,17571.98446,17293.80605,18315.91468,19945.39267,20025.88485,21095.25404,22160.60363,22548.15063,23219.40905,18566.01785,18082.68799,20176.74758
St. Lucia,3098.439562,3464.880118,4073.264627,4253.914269,4603.702186,4608.599312,4740.295984,5008.02743,5123.686514,5184.337012,5593.748414,5825.067308,5846.975502,5558.069371,5562.457123,6055.967957,6494.600349,6866.092387,7618.90542,7975.792541,8528.682085,8259.322338,8672.128999,9110.75181,9231.661827,9542.713574,10007.18689,10290.35048,10574.3026,11270.4329,11563.87207,11726.67715,8458.075063,9414.137741,11481.49672
St. Vincent and the Grenadines,1790.987478,1911.90351,2136.839516,2259.528548,2454.960657,2519.845868,2540.16918,2767.77031,2900.419012,3043.249417,3272.618741,3427.505755,3760.080457,4066.070638,4299.372868,4500.927334,4883.313665,5176.128147,5775.091747,6439.008398,6641.495878,6503.097772,6590.989579,6566.482713,6754.370184,7117.554763,7210.616549,7386.737484,7684.779282,7996.656233,8399.693967,8680.241982,8306.367581,8360.101059,9125.317497
Suriname,2887.061439,1328.729552,940.9917724,1077.212661,964.4332465,1015.12804,1419.517938,1591.729379,1940.752728,2045.593051,2405.744246,1883.889099,1978.446611,1711.714461,2206.27291,2529.259422,2906.725278,3474.120757,5031.158465,5562.334068,6616.815126,7176.857658,7999.508366,8009.252302,8922.956186,9124.541093,9199.177893,8907.838127,5705.399232,6112.882912,6730.836783,6690.044786,4796.533314,4869.134226,5858.28606
Sweden,24534.89403,25662.31679,30593.72413,31822.97925,32800.79495,24425.20125,26083.7158,30283.09835,32999.1855,30312.51076,30596.64972,30940.97326,29624.76987,27247.76321,29899.1236,37321.77867,42821.75084,43437.13093,46593.29168,53700.24369,56152.55944,46946.84271,52869.04429,60755.75955,58037.82132,61126.9432,60020.36046,51545.48361,51965.15715,53791.50873,54589.06039,51939.42974,52837.90398,61143.22124,55873.22081
Switzerland,32690.43027,31308.17238,39575.72681,39544.72449,40713.15735,39236.67608,43092.0134,50115.13886,48092.25421,41584.08362,42680.19495,41696.94037,38864.0439,39638.43879,42458.53416,49337.54689,54659.6403,56243.9473,59008.99301,64991.00515,74175.87764,71565.56998,76531.37294,90476.75897,85836.20768,87304.33058,88724.99094,83806.4476,82153.07454,82254.37693,85216.64295,84121.93103,85656.32267,91991.60046,92101.46974
Syrian Arab Republic,1421.741906,1546.40039,1926.384607,2171.463634,2516.443295,2722.905389,3238.39402,3553.746281,4184.29444,4397.5383,4542.949125,4588.98256,4941.852597,5187.206107,5276.064713,5433.642274,6241.058232,7221.643883,7914.771494,8695.844461,10155.97367,10288.14905,11304.64493,2971.282434,1910.604526,993.7398831,1071.234204,857.4978675,664.3416723,862.3190638,1111.872093,1124.520554,537.2113614,,
Tajikistan,,,485.3198618,456.1880646,337.5488739,287.9939687,262.2364354,208.1695625,172.9164992,150.6469008,214.4293317,175.5555654,137.1819092,168.6385933,186.663376,233.094087,305.2660435,333.7139384,401.0268293,517.4348725,704.6501788,666.7212906,740.2761913,837.8814952,959.3602175,1038.320717,1094.430124,970.3625997,801.39384,844.3652499,850.6669582,889.0233718,852.3302296,916.6919671,1054.189484
United Republic of Tanzania,211.1229553,178.1115265,167.1445465,189.5909729,171.6147003,153.8509979,156.7896118,176.9260254,214.6417694,248.7471619,387.0186462,390.4956055,399.4511414,394.7307739,400.4275513,419.7723694,447.5133362,480.2756348,473.367981,539.1223145,671.5736084,681.2437134,730.8132935,768.9334717,854.5432129,955.3212891,1012.984741,929.1072388,942.8813477,975.9245605,1011.59967,1050.932373,1104.164429,1146.031982,1192.403809
Thailand,1154.58042,1329.99672,1545.276957,1751.068624,1957.405411,2230.841173,2502.70866,2848.62249,3039.892156,2462.414344,1841.042933,2028.56878,2004.107042,1889.971411,2091.178887,2350.845515,2647.260738,2876.245758,3343.785932,3934.690956,4327.797517,4154.187432,4996.372098,5396.643527,5748.632782,6041.134013,5822.377723,5708.794147,5854.463852,6436.789649,7124.558867,7628.576087,7001.785413,7060.897609,6908.802119
Togo,512.8743794,488.5016152,570.9328385,545.6848379,560.2717966,411.001598,326.2731551,415.7778133,447.9265913,443.5350406,456.2062816,440.1397924,404.8220743,391.5160184,439.1275464,530.3920056,551.8476777,542.8178059,544.0055167,598.3065987,725.8544458,717.677305,709.1406701,779.7635197,759.8959722,826.4286073,853.0078138,760.2429116,787.2801616,814.4198376,873.5551563,848.3048269,875.2454099,964.0500102,918.3767558
Tonga,1089.017321,1080.971091,1150.281297,1335.230193,1380.881428,1391.970052,1965.19624,2089.197173,2216.683231,2135.860561,1889.670651,1953.371697,1996.515078,1754.842287,1760.667218,1937.042631,2195.985939,2478.427122,2751.960017,2799.368777,3221.079699,2915.494578,3416.110432,3852.143788,4378.572815,4208.188686,4125.426028,4117.93037,3978.438212,4367.25563,4649.613513,4878.978188,4605.970878,4425.970591,
Trinidad and Tobago,3613.04141,3441.35043,4001.522284,4159.070729,4231.46206,3608.643933,3801.450835,4074.880142,4385.12365,4352.827681,4569.646971,5130.866071,6120.945943,6592.75902,6692.822206,8352.463158,9756.513279,11673.85875,13340.91627,15627.28682,20011.14827,13682.76361,15711.53817,17910.31718,18961.23359,19821.52865,20327.98346,18389.53103,15991.10879,16094.66678,16164.16133,15690.9631,13871.79822,16032.50277,18222.26033
Tunisia,1251.271418,1223.518533,1456.224489,1516.294272,1760.48075,1627.276255,1709.825073,1940.034293,2076.989688,2170.570932,2253.028846,2343.997255,2170.508143,2207.660688,2292.483168,2693.195918,3029.849579,3106.575832,3279.10282,3678.061523,4200.17378,4029.461206,4241.01191,4361.948089,4233.917158,4308.337421,4398.638695,3960.924849,3796.109011,3569.718839,3577.16946,3477.844271,3497.733231,3807.184563,3776.667779
Turkey,1737.953771,2009.997569,2773.650706,2730.263904,2825.740964,3148.942981,2240.633321,2855.036765,3009.67417,3098.668013,4433.354034,4057.822081,4278.266534,3100.458788,3640.76183,4704.77201,6031.79031,7369.431295,8003.812177,9668.399443,10802.60048,8989.735883,10614.98457,11308.37174,11697.47436,12507.80316,12020.34966,10851.92011,10734.25647,10464.00779,9400.836337,9103.012397,8561.064333,9661.227734,10616.06104
Turkmenistan,854.1527539,830.3608443,857.3390594,839.4248858,815.1398445,788.5575627,619.6698961,587.2840894,553.0594143,561.533872,587.9900867,544.4393372,635.7143118,762.6106328,949.5763727,1256.031867,1418.806266,1658.672779,2074.407389,2520.285026,3778.668539,3901.670283,4286.880505,5453.155005,6441.886618,7049.797505,7685.509859,6208.296655,6163.253406,6354.53283,6721.34954,7180.459552,7297.180042,,
Turks and Caicos Isl.,,,,,,,,,,,,,,18323.87374,17803.08282,18848.77869,21233.9324,24115.26568,28728.56972,29446.08269,31459.54343,24602.91102,23103.94268,23649.71443,22666.40691,22451.56873,24040.87466,25783.2941,26995.03216,25659.19586,26831.97146,27795.14856,20882.26127,23158.6379,24917.59581
Tuvalu,,,961.0919449,1001.22815,1029.220751,1011.981183,1138.949358,1150.305635,1283.446069,1318.909032,1324.206539,1419.827916,1564.015195,1451.48412,1752.802286,2012.446828,2328.492145,2311.337166,2402.479309,2803.247294,3103.039909,2697.635293,3043.165323,3663.266294,3624.984174,3536.901175,3556.378789,3384.382534,3836.073071,4181.437569,4419.256323,4940.050682,4674.909088,5372.756766,5334.988605
Uganda,394.7361363,309.8609664,244.7540725,182.7944662,151.9765412,165.4650359,198.2820513,278.3166133,284.4568035,286.5727449,292.1694813,257.6785777,257.8296057,235.8529749,241.8689302,250.6905884,292.4726656,330.6028543,346.7684624,401.7091877,473.3028336,799.9296321,824.7376712,837.0958843,796.7111393,819.7578674,897.5097285,864.1800594,753.6844055,766.177604,793.1280823,823.0247328,846.8811992,883.4657281,964.2243852
Ukraine,1449.962524,1597.534668,1568.536621,1487.499756,1417.935547,1258.136597,1012.098145,935.9589844,872.7136841,991.2426147,835.2367554,635.7579956,658.3446045,807.8019409,911.9068604,1087.787964,1416.60376,1894.460083,2391.323975,3197.934326,4066.53125,2639.37793,3078.414795,3704.842285,4004.789795,4187.739746,3104.653809,2124.662598,2187.727539,2638.325439,3096.5625,3661.457764,3751.737305,4827.845703,4533.975586
United Arab Emirates,21545.45558,23141.01477,26682.84981,25668.49332,25630.08097,25019.37236,25463.49629,27010.67819,28596.50683,28709.24692,25905.84338,27261.90657,31855.5006,29909.00943,30221.967,32607.37293,37017.73637,42190.55438,45339.58512,43918.38017,45140.76908,31722.58876,34165.91331,40893.02336,44386.78608,45729.60768,46865.9646,41525.1389,41054.53957,43063.96748,46722.26872,45376.17084,37629.17417,44315.55418,53757.86325
United Kingdom,15988.01649,16240.00625,19096.2412,19900.18849,20488.09967,18390.21782,19708.43564,23203.6289,24441.91991,26779.77879,28296.76027,28788.96929,28289.65269,27888.60511,30078.60813,34480.94106,40392.26486,42131.82707,44537.71234,50438.2296,47432.8791,38820.01459,39693.19387,42150.69814,42485.58607,43449.09172,47447.58893,45071.07432,41146.07736,40622.68939,43306.3083,42747.08046,40318.41692,46585.89756,45850.42612
United States,21417.01193,22857.15443,23888.60001,24342.2589,25418.99078,26387.29373,27694.85342,28690.8757,29967.71272,31459.13898,32853.67695,34515.39023,36329.95607,37133.62311,37997.75966,39490.27496,41724.63163,44123.40707,46302.00088,48050.22378,48570.04598,47194.94335,48650.64313,50065.9665,51784.41857,53291.12769,55123.84979,56762.72945,57866.74493,59907.75426,62823.30944,65120.39466,63528.6343,70219.47245,76398.59174
Uruguay,2668.670369,2724.095972,2983.243736,3574.111031,4083.463722,4729.929039,5478.022364,6014.918523,6358.162597,7386.511161,7780.678597,7314.490951,6932.478325,6331.15676,4115.154614,3638.943548,4130.100115,5233.457171,5942.126667,7149.374634,9328.065857,9780.739473,12512.59413,14975.56256,16087.25208,18140.89192,18131.57885,16950.75338,16837.94038,18995.39702,19026.04961,18098.36155,15650.49943,17923.99533,20795.04235
Uzbekistan,,,651.4192097,652.8074753,603.3520153,596.9835856,576.4471105,585.9323642,600.5981578,623.0026524,623.2161328,702.4807441,558.2268024,456.7062895,383.343068,396.377979,465.1198869,546.7768502,654.2838373,830.4076942,1082.286025,1213.265328,1742.349256,2051.129515,2267.623275,2419.718744,2628.460054,2753.971058,2704.677189,1916.764625,1604.258642,1795.201768,1759.307471,1993.424478,2255.151155
Vanuatu,1103.278583,1046.420408,1119.280015,1301.634163,1318.531846,1233.431683,1403.105797,1461.405119,1495.987983,1524.960497,1432.608422,1429.889094,1416.197024,1309.047584,1299.178899,1517.294454,1718.263029,1814.81782,1970.898405,2261.459294,2525.083912,2472.463556,2732.551557,3064.751212,2906.342461,2877.444528,2861.203164,2643.886894,2757.203306,3032.19702,3076.835315,3076.589886,2917.756849,3044.57364,3010.292173
Venezuela,3203.401445,2258.679615,2461.039355,2642.780541,2918.607446,2835.687569,2699.464788,3500.632677,3125.237788,3725.988118,3886.039254,4087.829348,4795.634748,4940.113903,3667.200194,3243.368805,4287.631579,5456.322425,6769.868414,8369.235268,11310.77817,11641.79915,13692.91497,10877.11236,12937.9276,12433.98079,15975.72938,,,,,,,,
Vietnam,397.0143602,96.13036189,96.71929574,140.6310045,141.3836852,185.187122,224.6370945,281.1336045,329.00119,352.9344398,352.783068,367.1568837,394.5831366,409.4977339,434.8102921,485.4509081,551.9035051,693.1898425,790.5925164,913.3123316,1158.101627,1225.845009,1684.011667,1953.556979,2190.232284,2367.499542,2558.778924,2595.234979,2760.717101,2992.071746,3267.225009,3491.091279,3586.347297,3756.489122,4163.5143
Yemen,,,422.2107022,426.7727374,447.8143643,358.1701215,267.9425332,264.4661909,348.2347289,399.712718,359.2170547,421.8212255,518.1486727,515.139982,543.9609809,583.3911504,669.1033619,785.4512497,867.7829367,956.2306352,1153.536424,1045.80558,1249.063085,1284.617635,1349.990295,1497.747941,1557.601406,1488.416267,1069.816997,893.7165729,701.7148778,693.8164835,583.8756629,603.7079594,676.928385
Zambia,511.2026334,533.243428,427.4064535,428.5034282,394.0783977,395.7853469,431.5217163,438.3836362,404.0904611,471.1722998,377.4625818,353.8302091,364.0261259,401.7323159,399.0990779,452.2865776,556.0500066,720.4465047,1065.596417,1133.436158,1393.519491,1150.941746,1469.36145,1644.456831,1729.647471,1840.320553,1724.57622,1307.909649,1249.923143,1495.752138,1475.199836,1268.120941,956.8317475,1137.344395,1487.907764
Zimbabwe,816.6994731,841.5632256,868.4901749,832.6879695,634.4473585,608.0466105,634.5826172,646.8295598,765.1651241,750.6839091,554.3614836,585.3317992,565.2843897,569.0032086,529.1868828,474.3022011,477.399491,470.7837614,441.4987969,425.0368417,351.8391005,762.2979603,937.84034,1082.615773,1290.193957,1408.36781,1407.034291,1410.329173,1421.787791,1192.107012,2269.177012,1421.868596,1372.696674,1773.920411,1266.996031
